{
    "$schema": "https://schema.freqtrade.io/schema.json",
    "max_open_trades": 2,
    "stake_currency": "USDT",
    "stake_amount": 7,
    "tradable_balance_ratio": 0.35,
    "fiat_display_currency": "USD",
    "fiat_conversion_refresh_interval": 600,
    "dry_run": true,
    "dry_run_wallet": 100,
    "cancel_open_orders_on_exit": false,
    "trading_mode": "futures",
    "margin_mode": "cross",
    "position_adjustment_enable": true,

    "order_types": {
        "entry": "limit",
        "exit": "limit",
        "stoploss": "limit",
        "position_adjustment": "limit",
        "stoploss_on_exchange": false
    },

    "unfilledtimeout": {
        "entry": 1,
        "exit": 3,
        "exit_timeout_count": 0,
        "unit": "minutes"
},

    "entry_pricing": {
        "price_side": "other",
        "use_order_book": true,
        "order_book_top": 1,
        "price_last_balance": 0.0,
        "check_depth_of_market": {
            "enabled": false,
            "bids_to_ask_delta": 1
        }
    },
    "exit_pricing":{
        "price_side": "other",
        "use_order_book": true,
        "order_book_top": 1
    },

    "exchange": {
        "name": "binance",
        "key": "",
        "secret": "",
        "ccxt_config": {},
        "ccxt_async_config": {},
        "timeout_cancel": 300,
        "pair_whitelist": [
              "ADA/USDT:USDT"
        ],
        "pair_blacklist": [
              "BTC/USDT:USDT",
              "OM/USDT:USDT",
              "TRUMP/USDT:USDT",
              "XMR/USDT:USDT"
        ]
    },
    "pairlists": [
        {
            "method": "StaticPairList",
            "number_assets": 10,
            "sort_key": "quoteVolume",
            "min_value": 0,
            "refresh_period": 1800
        }
    ],
    "telegram": {
      "enabled": true,
      "token": "8140433880:AAFKtXpsruYj8nb4AUAUlF3DLtw6kHfwlts",
      "chat_id": "6228589079",
      "rpc_methods": true,
      "allow_custom_messages": true,
      "keyboard": [
        ["/start", "/stop", "/forcelong","/forceexit"],
        ["/status", "/status table","/count","/daily"],
        ["/profit", "/balance","/performance","/help"]
     ]
   },

    "api_server": {
        "enabled": true,
        "listen_ip_address": "0.0.0.0",
        "listen_port": 8888,
        "verbosity": "error",
        "enable_openapi": true,
        "jwt_secret_key": "c4dc01b88c10120fe2dce84f0f69e4b6cf6ec15a16a456fde526e0c1fff678f1",
        "ws_token": "1IdQCoSWwFN4Zt1IpOwJ0lmWU88MIy_tJQ",
        "CORS_origins": ["http://127.0.0.1:8888"],
        "username": "freqtrader",
        "password": "zy147258"
    },
    "bot_name": "freqtrade-long",
    "initial_state": "running",
    "force_entry_enable": true,
    "internals": {
        "process_throttle_secs": 5
    }
}