{
    "$schema": "https://schema.freqtrade.io/schema.json",
    "max_open_trades": 1,
    "stake_currency": "USDT",
    "stake_amount": 5,
    "tradable_balance_ratio": 0.3,
    "fiat_display_currency": "USD",
    "fiat_conversion_refresh_interval": 600,
    "dry_run": true,
    "dry_run_wallet": 100,
    "cancel_open_orders_on_exit": false,
    "trading_mode": "futures",
    "margin_mode": "cross",
    "position_adjustment_enable": true,

    "order_types": {
        "entry": "limit",
        "exit": "limit",
        "stoploss": "limit",
        "position_adjustment": "limit",
        "stoploss_on_exchange": false
    },

    "unfilledtimeout": {
        "entry": 1,
        "exit": 3,
        "exit_timeout_count": 0,
        "unit": "minutes"
    },
    "entry_pricing": {
        "price_side": "other",
        "use_order_book": true,
        "order_book_top": 1,
        "price_last_balance": 0.0,
        "check_depth_of_market": {
            "enabled": false,
            "bids_to_ask_delta": 1
        }
    },
    "exit_pricing":{
        "price_side": "other",
        "use_order_book": true,
        "order_book_top": 1
    },
    "exchange": {
        "name": "binance",
        "key": "BPZYiCRNMwFPqvCImN8zctzNLoJKCg9ceH9YYZqDfWOEsWJMU3IZ9k2CObsqjLAl",
        "secret": "oUrlBoQ7x3h9pi3y4nrNulmlFgoWSoCwKhmYay7xtUrEd82CrPycIh2BAUkAnTNy",
        "ccxt_config": {"enableRateLimit": true},
        "ccxt_async_config": {
            "enableRateLimit": true,
            "rateLimit": 200
        },
        "pair_whitelist": [
              "ADA/USDT:USDT"
            ],
        "pair_blacklist": [
              "GUN/USDT:USDT",
              "TRUMP/USDT:USDT",
              "BABY/USDT:USDT",
              "PROMPT/USDT:USDT"
        ]
    },
    "pairlists": [
        {
            "method": "StaticPairList",
            "number_assets": 20,
            "sort_key": "quoteVolume",
            "min_value": 0,
            "refresh_period": 1800
        }
    ],
    "telegram": {
      "enabled": true,
      "token": "7543143499:AAEIQU7f75KeMaHPR0Llkt-rGPrzugTaWK4",
      "chat_id": "6228589079",
      "rpc_methods": true,
      "allow_custom_messages": true,
      "keyboard": [
        ["/start", "/stop","/forceshort","/forceexit"],
        ["/status", "/status table","/count","/daily"],
        ["/profit", "/balance","/performance","/help"]
      ]
   },
    "api_server": {
        "enabled": true,
        "listen_ip_address": "0.0.0.0",
        "listen_port": 8888,
        "verbosity": "error",
        "enable_openapi": true,
        "jwt_secret_key": "f3dd5f7406655eb05de99152303f1af92e16ab7c2206a91f90f3285e20dbc05f",
        "ws_token": "o9JAAXgopFRe_NwO8zcj9xYL6SLTdw7plA",
        "CORS_origins": ["http://127.0.0.1:8888"],
        "username": "freqtrader",
        "password": "zy147258"
    },
    "bot_name": "freqtrade-short",
    "initial_state": "running",
    "force_entry_enable": true,
    "internals": {
        "process_throttle_secs": 5
    }
}